{"cameraMode":{"drawMode":0,"name":"Shaded","section":"Shading Mode"},"sceneLighting":true,"audioPlay":false,"sceneViewState":{"showFog":true,"showMaterialUpdate":false,"showSkybox":true,"showFlares":true,"showImageEffects":true,"showParticleSystems":true},"in2DMode":false,"pivot":{"x":391.8621826171875,"y":109.24903869628906,"z":173.79730224609376},"rotation":{"x":0.08269114047288895,"y":0.24873505532741548,"z":-0.02132255584001541,"w":0.9648034572601318},"size":41.47514724731445,"orthographic":false}